model_version,roc_auc,pr_auc,brier,n_features
strict,0.7180621264154831,0.758726987648315,0.21235277141598458,104
enhanced,0.7189570896710424,0.7595326899358372,0.21206999671093993,105
